id,81259133
active,true
number,637
referenceNumber,10284607
status,Returned
vendorId,13473373
purchaseOrderId,80368002
jobId,null
businessUnitId,1951850
inventoryLocationId,14284678
createdById,13492699
memo,NOT NEEDED
returnAmount,3214.98
taxAmount,181.98
shippingAmount,0
returnDate,2023-09-05T00:00:00Z
returnedOn,2023-09-05T00:00:00Z
creditReceivedOn,null
createdOn,2023-09-05T16:48:13.3219434Z
modifiedOn,2023-09-05T16:48:27.8204228Z
batchId,null
syncStatus,Pending
customFields,null
externalData,null