id,81282056
number,5589
invoiceId,null
jobId,null
projectId,53693665
status,Pending
typeId,113
vendorId,13473519
technicianId,null
shipTo,null
shipTostreet,24400 NORTHLINE RD
shipTounit,null
shipTocity,TAYLOR
shipTostate,Michigan
shipTozip,48180
shipTocountry,United States
businessUnitId,1034879
inventoryLocationId,110
batchId,null
vendorDocumentNumber,null
date,2023-09-06T00:00:00Z
requiredOn,2023-09-06T00:00:00Z
sentOn,null
receivedOn,null
createdOn,2023-09-06T11:50:43.3337083Z
modifiedOn,2023-09-06T11:50:43.4746037Z
total,0
tax,0
shipping,0
summary,null
customFields,null